<ResultList xmlns:xsi="http://www.w3.org/2001/XMLSchema-instance" xsi:noNamespaceSchemaLocation="IOFData.xsd">
  <IOFVersion version="2.0.3" />
  <Event eventForm="teamSingleDay">
    <EventId>38490b54-0b55-4661-bd27-3727a65a3275</EventId>
    <Name>TestRelay</Name>
    <EventClassificationId type="loc" />
    <StartDate>
      <Date dateFormat="YYYY-MM-DD">2015-07-29</Date>
    </StartDate>
    <Organiser>
      <Club>
        <ClubId>
        </ClubId>
        <ShortName>SOA</ShortName>
        <CountryId value="GBR" />
      </Club>
    </Organiser>
  </Event>
  <ClassResult>
    <ClassShortName>b-1</ClassShortName>
    <PersonResult>
      <Person>
        <PersonName>
          <Family>Runner1</Family>
          <Given>
          </Given>
        </PersonName>
        <PersonId type="nat">
        </PersonId>
      </Person>
      <Club>
        <ClubId>
        </ClubId>
        <ShortName>
        </ShortName>
        <CountryId value="other" />
      </Club>
      <Result>
        <StartNumber>1</StartNumber>
        <BibNumber>1-1</BibNumber>
        <CCard>
          <CCardId>858585</CCardId>
          <PunchingUnitType value="SI" />
        </CCard>
        <StartTime>
          <Clock>10:00:00</Clock>
        </StartTime>
        <Time timeFormat="HH:MM:SS" />
        <CompetitorStatus value="Active" />
      </Result>
    </PersonResult>
     <PersonResult>
          <Person>
            <PersonName>
              <Family>Runner4</Family>
              <Given>
              </Given>
            </PersonName>
            <PersonId type="nat">
            </PersonId>
          </Person>
          <Club>
            <ClubId>
            </ClubId>
            <ShortName>
            </ShortName>
            <CountryId value="other" />
          </Club>
          <Result>
            <StartNumber>2</StartNumber>
            <BibNumber>2-1</BibNumber>
            <CCard>
              <CCardId>911111</CCardId>
              <PunchingUnitType value="SI" />
            </CCard>
            <StartTime>
              <Clock>10:00:00</Clock>
            </StartTime>
            <Time timeFormat="HH:MM:SS" />
            <CompetitorStatus value="Active" />
          </Result>
    </PersonResult>
  </ClassResult>
  <ClassResult>
    <ClassShortName>b-2</ClassShortName>
    <PersonResult>
      <Person>
        <PersonName>
          <Family>Runner2</Family>
          <Given>
          </Given>
        </PersonName>
        <PersonId type="nat">
        </PersonId>
      </Person>
      <Club>
        <ClubId>
        </ClubId>
        <ShortName>
        </ShortName>
        <CountryId value="other" />
      </Club>
      <Result>
        <StartNumber>1</StartNumber>
        <BibNumber>1-2</BibNumber>
        <CCard>
          <CCardId>8628903</CCardId>
          <PunchingUnitType value="SI" />
        </CCard>
        <StartTime />
        <Time timeFormat="HH:MM:SS" />
        <CompetitorStatus value="MisPunch" />
      </Result>
    </PersonResult>
  </ClassResult>
  <ClassResult>
    <ClassShortName>b-3</ClassShortName>
    <PersonResult>
      <Person>
        <PersonName>
          <Family>Runner3</Family>
          <Given>
          </Given>
        </PersonName>
        <PersonId type="nat">
        </PersonId>
      </Person>
      <Club>
        <ClubId>
        </ClubId>
        <ShortName>
        </ShortName>
        <CountryId value="other" />
      </Club>
      <Result>
        <StartNumber>1</StartNumber>
        <BibNumber>1-3</BibNumber>
        <CCard>
          <CCardId>8628636</CCardId>
          <PunchingUnitType value="SI" />
        </CCard>
        <StartTime />
        <Time timeFormat="HH:MM:SS" />
        <CompetitorStatus value="MisPunch" />
      </Result>
    </PersonResult>
  </ClassResult>
</ResultList>