<ResultList xmlns:xsi="http://www.w3.org/2001/XMLSchema-instance" xsi:noNamespaceSchemaLocation="IOFData.xsd">
  <IOFVersion version="2.0.3" />
  <Event eventForm="IndSingleDay">
    <EventId>11eb2f6f-fcf7-429f-8b4b-5bfe134e8857</EventId>
    <Name>JK Day 1 - Sprint</Name>
    <EventClassificationId type="loc" />
    <StartDate>
      <Date dateFormat="YYYY-MM-DD">2015-04-03</Date>
    </StartDate>
    <Organiser>
      <Club>
        <ClubId>
        </ClubId>
        <ShortName>JK2015</ShortName>
        <CountryId value="GBR" />
      </Club>
    </Organiser>
  </Event>
  <ClassResult>
    <ClassShortName>M10</ClassShortName>
    <PersonResult>
      <Person sex="M">
        <PersonName>
          <Family>Shardlow</Family>
          <Given>William</Given>
        </PersonName>
        <PersonId type="nat">127154</PersonId>
        <BirthDate>
          <Date>2005-01-01</Date>
        </BirthDate>
      </Person>
      <Club>
        <ClubId>
        </ClubId>
        <ShortName>BOK</ShortName>
        <CountryId value="GBR" />
      </Club>
      <Result>
        <StartNumber>3047</StartNumber>
        <CCard>
          <CCardId>339749</CCardId>
          <PunchingUnitType value="SI" />
        </CCard>
        <StartTime>
          <Clock>15:01:00</Clock>
        </StartTime>
        <Time timeFormat="HH:MM:SS" />
        <CompetitorStatus value="Active" />
      </Result>
    </PersonResult>
    <PersonResult>
      <Person sex="M">
        <PersonName>
          <Family>Clarke</Family>
          <Given>Ben</Given>
        </PersonName>
        <PersonId type="nat">109324</PersonId>
        <BirthDate>
          <Date>2005-01-01</Date>
        </BirthDate>
      </Person>
      <Club>
        <ClubId>
        </ClubId>
        <ShortName>SUFFOC</ShortName>
        <CountryId value="GBR" />
      </Club>
      <Result>
        <StartNumber>1402</StartNumber>
        <CCard>
          <CCardId>2031821</CCardId>
          <PunchingUnitType value="SI" />
        </CCard>
        <StartTime>
          <Clock>15:26:00</Clock>
        </StartTime>
        <Time timeFormat="HH:MM:SS" />
        <CompetitorStatus value="Active" />
      </Result>
    </PersonResult>
    <PersonResult>
      <Person sex="M">
        <PersonName>
          <Family>Wathey</Family>
          <Given>Dominic</Given>
        </PersonName>
        <PersonId type="nat">589323</PersonId>
        <BirthDate>
          <Date>2005-01-01</Date>
        </BirthDate>
      </Person>
      <Club>
        <ClubId>
        </ClubId>
        <ShortName>MDOC</ShortName>
        <CountryId value="GBR" />
      </Club>
      <Result>
        <StartNumber>3423</StartNumber>
        <CCard>
          <CCardId>1706051</CCardId>
          <PunchingUnitType value="SI" />
        </CCard>
        <StartTime>
          <Clock>12:40:00</Clock>
        </StartTime>
        <Time timeFormat="HH:MM:SS" />
        <CompetitorStatus value="Active" />
      </Result>
    </PersonResult>
    <PersonResult>
      <Person sex="M">
        <PersonName>
          <Family>Sanderson</Family>
          <Given>Benedict</Given>
        </PersonName>
        <PersonId type="nat">691490</PersonId>
        <BirthDate>
          <Date>2005-01-01</Date>
        </BirthDate>
      </Person>
      <Club>
        <ClubId>
        </ClubId>
        <ShortName>NATO</ShortName>
        <CountryId value="GBR" />
      </Club>
      <Result>
        <StartNumber>3012</StartNumber>
        <CCard>
          <CCardId>222301</CCardId>
          <PunchingUnitType value="SI" />
        </CCard>
        <StartTime>
          <Clock>12:37:00</Clock>
        </StartTime>
        <Time timeFormat="HH:MM:SS" />
        <CompetitorStatus value="Active" />
      </Result>
    </PersonResult>
    <PersonResult>
      <Person sex="M">
        <PersonName>
          <Family>Gostick</Family>
          <Given>Ben</Given>
        </PersonName>
        <PersonId type="nat">558600</PersonId>
        <BirthDate>
          <Date>2005-01-01</Date>
        </BirthDate>
      </Person>
      <Club>
        <ClubId>
        </ClubId>
        <ShortName>HH</ShortName>
        <CountryId value="GBR" />
      </Club>
      <Result>
        <StartNumber>5070</StartNumber>
        <CCard>
          <CCardId>223312</CCardId>
          <PunchingUnitType value="SI" />
        </CCard>
        <StartTime>
          <Clock>14:23:00</Clock>
        </StartTime>
        <Time timeFormat="HH:MM:SS" />
        <CompetitorStatus value="Active" />
      </Result>
    </PersonResult>
    <PersonResult>
      <Person sex="M">
        <PersonName>
          <Family>Bartlett</Family>
          <Given>Samuel</Given>
        </PersonName>
        <PersonId type="nat">203260</PersonId>
        <BirthDate>
          <Date>2005-01-01</Date>
        </BirthDate>
      </Person>
      <Club>
        <ClubId>
        </ClubId>
        <ShortName>INT</ShortName>
        <CountryId value="GBR" />
      </Club>
      <Result>
        <StartNumber>1118</StartNumber>
        <CCard>
          <CCardId>444882</CCardId>
          <PunchingUnitType value="SI" />
        </CCard>
        <StartTime>
          <Clock>13:28:00</Clock>
        </StartTime>
        <Time timeFormat="HH:MM:SS" />
        <CompetitorStatus value="Active" />
      </Result>
    </PersonResult>
    <PersonResult>
      <Person sex="M">
        <PersonName>
          <Family>Heap</Family>
          <Given>Tommy</Given>
        </PersonName>
        <PersonId type="nat">192851</PersonId>
        <BirthDate>
          <Date>2005-01-01</Date>
        </BirthDate>
      </Person>
      <Club>
        <ClubId>
        </ClubId>
        <ShortName>SO</ShortName>
        <CountryId value="GBR" />
      </Club>
      <Result>
        <StartNumber>2019</StartNumber>
        <CCard>
          <CCardId>2066700</CCardId>
          <PunchingUnitType value="SI" />
        </CCard>
        <StartTime>
          <Clock>12:30:00</Clock>
        </StartTime>
        <Time timeFormat="HH:MM:SS" />
        <CompetitorStatus value="Active" />
      </Result>
    </PersonResult>
    <PersonResult>
      <Person sex="M">
        <PersonName>
          <Family>Partridge</Family>
          <Given>Ben</Given>
        </PersonName>
        <PersonId type="nat">212121</PersonId>
        <BirthDate>
          <Date>2005-01-01</Date>
        </BirthDate>
      </Person>
      <Club>
        <ClubId>
        </ClubId>
        <ShortName>SOS</ShortName>
        <CountryId value="GBR" />
      </Club>
      <Result>
        <StartNumber>2784</StartNumber>
        <CCard>
          <CCardId>5260</CCardId>
          <PunchingUnitType value="SI" />
        </CCard>
        <StartTime>
          <Clock>13:23:00</Clock>
        </StartTime>
        <Time timeFormat="HH:MM:SS" />
        <CompetitorStatus value="Active" />
      </Result>
    </PersonResult>
    <PersonResult>
      <Person sex="M">
        <PersonName>
          <Family>Logue</Family>
          <Given>Euan</Given>
        </PersonName>
        <PersonId type="nat">177082</PersonId>
        <BirthDate>
          <Date>2005-01-01</Date>
        </BirthDate>
      </Person>
      <Club>
        <ClubId>
        </ClubId>
        <ShortName>EPOC</ShortName>
        <CountryId value="GBR" />
      </Club>
      <Result>
        <StartNumber>2379</StartNumber>
        <CCard>
          <CCardId>222400</CCardId>
          <PunchingUnitType value="SI" />
        </CCard>
        <StartTime>
          <Clock>14:36:00</Clock>
        </StartTime>
        <Time timeFormat="HH:MM:SS" />
        <CompetitorStatus value="Active" />
      </Result>
    </PersonResult>
    <PersonResult>
      <Person sex="M">
        <PersonName>
          <Family>Leake</Family>
          <Given>Harrington</Given>
        </PersonName>
        <PersonId type="nat">208531</PersonId>
        <BirthDate>
          <Date>2005-01-01</Date>
        </BirthDate>
      </Person>
      <Club>
        <ClubId>
        </ClubId>
        <ShortName>LEI</ShortName>
        <CountryId value="GBR" />
      </Club>
      <Result>
        <StartNumber>2312</StartNumber>
        <CCard>
          <CCardId>9110505</CCardId>
          <PunchingUnitType value="SI" />
        </CCard>
        <StartTime>
          <Clock>12:55:00</Clock>
        </StartTime>
        <Time timeFormat="HH:MM:SS" />
        <CompetitorStatus value="Active" />
      </Result>
    </PersonResult>
    <PersonResult>
      <Person sex="M">
        <PersonName>
          <Family>Arthurs</Family>
          <Given>Tom</Given>
        </PersonName>
        <PersonId type="nat">139603</PersonId>
        <BirthDate>
          <Date>2005-01-01</Date>
        </BirthDate>
      </Person>
      <Club>
        <ClubId>
        </ClubId>
        <ShortName>AIRE</ShortName>
        <CountryId value="GBR" />
      </Club>
      <Result>
        <StartNumber>1051</StartNumber>
        <CCard>
          <CCardId>263644</CCardId>
          <PunchingUnitType value="SI" />
        </CCard>
        <StartTime>
          <Clock>15:07:00</Clock>
        </StartTime>
        <Time timeFormat="HH:MM:SS" />
        <CompetitorStatus value="Active" />
      </Result>
    </PersonResult>
    <PersonResult>
      <Person sex="M">
        <PersonName>
          <Family>Brooke</Family>
          <Given>Arthur</Given>
        </PersonName>
        <PersonId type="nat">425644</PersonId>
        <BirthDate>
          <Date>2005-01-01</Date>
        </BirthDate>
      </Person>
      <Club>
        <ClubId>
        </ClubId>
        <ShortName>WSX</ShortName>
        <CountryId value="GBR" />
      </Club>
      <Result>
        <StartNumber>1242</StartNumber>
        <CCard>
          <CCardId>1991492</CCardId>
          <PunchingUnitType value="SI" />
        </CCard>
        <StartTime>
          <Clock>15:10:00</Clock>
        </StartTime>
        <Time timeFormat="HH:MM:SS" />
        <CompetitorStatus value="Active" />
      </Result>
    </PersonResult>
    <PersonResult>
      <Person sex="M">
        <PersonName>
          <Family>Teasdale</Family>
          <Given>Wilfrid</Given>
        </PersonName>
        <PersonId type="nat">211496</PersonId>
        <BirthDate>
          <Date>2005-01-01</Date>
        </BirthDate>
      </Person>
      <Club>
        <ClubId>
        </ClubId>
        <ShortName>WCOC</ShortName>
        <CountryId value="GBR" />
      </Club>
      <Result>
        <StartNumber>3249</StartNumber>
        <CCard>
          <CCardId>223267</CCardId>
          <PunchingUnitType value="SI" />
        </CCard>
        <StartTime>
          <Clock>14:18:00</Clock>
        </StartTime>
        <Time timeFormat="HH:MM:SS" />
        <CompetitorStatus value="Active" />
      </Result>
    </PersonResult>
    <PersonResult>
      <Person sex="M">
        <PersonName>
          <Family>Tyner</Family>
          <Given>Tivon</Given>
        </PersonName>
        <PersonId type="nat" />
        <BirthDate>
          <Date>2005-01-01</Date>
        </BirthDate>
      </Person>
      <Club>
        <ClubId>
        </ClubId>
        <ShortName>Setanta</ShortName>
        <CountryId value="IRL" />
      </Club>
      <Result>
        <StartNumber>3348</StartNumber>
        <CCard>
          <CCardId>1391159</CCardId>
          <PunchingUnitType value="SI" />
        </CCard>
        <StartTime>
          <Clock>12:43:00</Clock>
        </StartTime>
        <Time timeFormat="HH:MM:SS" />
        <CompetitorStatus value="Active" />
      </Result>
    </PersonResult>
    <PersonResult>
      <Person sex="M">
        <PersonName>
          <Family>Methven</Family>
          <Given>Adam</Given>
        </PersonName>
        <PersonId type="nat">112431</PersonId>
        <BirthDate>
          <Date>2005-01-01</Date>
        </BirthDate>
      </Person>
      <Club>
        <ClubId>
        </ClubId>
        <ShortName>BKO</ShortName>
        <CountryId value="GBR" />
      </Club>
      <Result>
        <StartNumber>2566</StartNumber>
        <CCard>
          <CCardId>410972</CCardId>
          <PunchingUnitType value="SI" />
        </CCard>
        <StartTime>
          <Clock>15:14:00</Clock>
        </StartTime>
        <Time timeFormat="HH:MM:SS" />
        <CompetitorStatus value="Active" />
      </Result>
    </PersonResult>
    <PersonResult>
      <Person sex="M">
        <PersonName>
          <Family>Markham</Family>
          <Given>Christopher</Given>
        </PersonName>
        <PersonId type="nat">204770</PersonId>
        <BirthDate>
          <Date>2005-01-01</Date>
        </BirthDate>
      </Person>
      <Club>
        <ClubId>
        </ClubId>
        <ShortName>OD</ShortName>
        <CountryId value="GBR" />
      </Club>
      <Result>
        <StartNumber>2468</StartNumber>
        <CCard>
          <CCardId>1220149</CCardId>
          <PunchingUnitType value="SI" />
        </CCard>
        <StartTime>
          <Clock>12:51:00</Clock>
        </StartTime>
        <Time timeFormat="HH:MM:SS" />
        <CompetitorStatus value="Active" />
      </Result>
    </PersonResult>
    <PersonResult>
      <Person sex="M">
        <PersonName>
          <Family>Cunnane</Family>
          <Given>Jonathan</Given>
        </PersonName>
        <PersonId type="nat">148786</PersonId>
        <BirthDate>
          <Date>2005-01-01</Date>
        </BirthDate>
      </Person>
      <Club>
        <ClubId>
        </ClubId>
        <ShortName>TVOC</ShortName>
        <CountryId value="GBR" />
      </Club>
      <Result>
        <StartNumber>1530</StartNumber>
        <CCard>
          <CCardId>410964</CCardId>
          <PunchingUnitType value="SI" />
        </CCard>
        <StartTime>
          <Clock>12:47:00</Clock>
        </StartTime>
        <Time timeFormat="HH:MM:SS" />
        <CompetitorStatus value="Active" />
      </Result>
    </PersonResult>
    <PersonResult>
      <Person sex="M">
        <PersonName>
          <Family>Mitchell</Family>
          <Given>Arthur</Given>
        </PersonName>
        <PersonId type="nat">625648</PersonId>
        <BirthDate>
          <Date>2005-01-01</Date>
        </BirthDate>
      </Person>
      <Club>
        <ClubId>
        </ClubId>
        <ShortName>HOC</ShortName>
        <CountryId value="GBR" />
      </Club>
      <Result>
        <StartNumber>2588</StartNumber>
        <CCard>
          <CCardId>980126</CCardId>
          <PunchingUnitType value="SI" />
        </CCard>
        <StartTime>
          <Clock>12:34:00</Clock>
        </StartTime>
        <Time timeFormat="HH:MM:SS" />
        <CompetitorStatus value="Active" />
      </Result>
    </PersonResult>
  </ClassResult>
</ResultList>